{"neo": {"The Wandering Emperor": {"ELO": 114.90646839261645, "ELO Tournoi": 114.90646839261645}, "Satsuki, the Living Lore": {"ELO": 80.97578410522064, "ELO Tournoi": 89.41003820633232}, "Satoru Umezawa": {"ELO": 104.73477084640629, "ELO Tournoi": 100}, "Kaito Shizuki": {"ELO": 95.06734597968679, "ELO Tournoi": 95.05513793057409}}, "iko": {"Snapdax, Apex of the Hunt": {"ELO": 99.40021835749891, "ELO Tournoi": 106.02681666376901}, "Vivien, Monsters' Advocate": {"ELO": 90.13062537261196, "ELO Tournoi": 90.13062537261196}, "Illuna, Apex of Wishes": {"ELO": 106.3239176648404, "ELO Tournoi": 100}, "Lurrus of the Dream-Den": {"ELO": 95.23776024766622, "ELO Tournoi": 100}, "Brokkos, Apex of Forever": {"ELO": 100.71406443600968, "ELO Tournoi": 100}}, "woe": {"Talion, the Kindly Lord": {"ELO": 99.72121802501734, "ELO Tournoi": 99.72121802501734}, "Totentanz, Swarm Piper": {"ELO": 105.10530935889457, "ELO Tournoi": 104.51641439492093}, "Sharae of Numbing Depths": {"ELO": 94.93390386952306, "ELO Tournoi": 94.93390386952306}, "Obyra, Dreaming Duelist": {"ELO": 114.49232657604668, "ELO Tournoi": 114.49232657604668}, "Greta, Sweettooth Scourge": {"ELO": 99.98647316643492, "ELO Tournoi": 99.98647316643492}, "Johann, Apprentice Sorcerer": {"ELO": 84.20591624307256, "ELO Tournoi": 89.52281612558495}, "Yenna, Redtooth Regent": {"ELO": 77.35647782242121, "ELO Tournoi": 84.95771984695538}, "Hylda of the Icy Crown": {"ELO": 104.26346916763765, "ELO Tournoi": 100}, "Lord Skitter, Sewer King": {"ELO": 110.29912346352138, "ELO Tournoi": 100}}, "lci": {"Kutzil, Malamet Exemplar": {"ELO": 99.89185939252454, "ELO Tournoi": 100.27426188761018}, "Malcolm, Alluring Scoundrel": {"ELO": 109.74400369182797, "ELO Tournoi": 104.9316759212269}, "The Mycotyrant": {"ELO": 96.12208589304294, "ELO Tournoi": 100.9112246409609}, "Vito, Fanatic of Aclazotz": {"ELO": 94.99942901780389, "ELO Tournoi": 94.99942901780389}, "Quintorius Kand": {"ELO": 95.4542114286319, "ELO Tournoi": 95.49461521111976}, "Abuelo, Ancestral Echo": {"ELO": 84.6288322211401, "ELO Tournoi": 100}, "Huatli, Poet of Unity": {"ELO": 98.51099600372771, "ELO Tournoi": 104.57262353671078}, "Nicanzil, Current Conductor": {"ELO": 102.25299189526471, "ELO Tournoi": 100}, "Anim Pakal, Thousandth Moon": {"ELO": 98.14824435613741, "ELO Tournoi": 100}}, "mom": {"Thalia and The Gitrog Monster": {"ELO": 112.8324870206135, "ELO Tournoi": 114.33376874296664}, "Zurgo and Ojutai": {"ELO": 99.27979239961903, "ELO Tournoi": 99.89579005112873}, "Chandra, Hope's Beacon": {"ELO": 99.49196522884431, "ELO Tournoi": 100}}, "dom": {"Raff Capashen, Ship's Mage": {"ELO": 90.09353160738355, "ELO Tournoi": 90.09353160738355}, "Yargle, Glutton of Urborg": {"ELO": 95.11533699550687, "ELO Tournoi": 100}, "Chandra, Bold Pyromancer": {"ELO": 84.51660397984475, "ELO Tournoi": 100}}, "ogw": {"Chandra, Flamecaller": {"ELO": 104.20587435460314, "ELO Tournoi": 99.34559852492451}}, "arb": {"Thraximundar": {"ELO": 104.76353119469229, "ELO Tournoi": 104.76353119469229}}, "bro": {"Harbin, Vanguard Aviator": {"ELO": 99.99057725848715, "ELO Tournoi": 99.99057725848715}, "Mishra, Claimed by Gix": {"ELO": 95.47190496412506, "ELO Tournoi": 105.2294285109124}, "Saheeli, Filigree Master": {"ELO": 99.83303693317953, "ELO Tournoi": 100}}, "kld": {"Dovin Baan": {"ELO": 105.30851792483406, "ELO Tournoi": 99.43284937713018}, "Depala, Pilot Exemplar": {"ELO": 100.71242400635231, "ELO Tournoi": 100.75561014771058}, "Chandra, Torch of Defiance": {"ELO": 104.62398600478333, "ELO Tournoi": 100}}, "ala": {"Rafiq of the Many": {"ELO": 85.18759571355248, "ELO Tournoi": 85.18759571355248}, "Sharuum the Hegemon": {"ELO": 95.0435591580661, "ELO Tournoi": 100}}, "one": {"Migloz, Maze Crusher": {"ELO": 98.91221168465214, "ELO Tournoi": 94.23329625578262}, "Venser, Corpse Puppet": {"ELO": 113.80244778783829, "ELO Tournoi": 100}, "Atraxa, Grand Unifier": {"ELO": 113.95913934662688, "ELO Tournoi": 114.82947758488154}, "Lukka, Bound to Ruin": {"ELO": 100.796186745711, "ELO Tournoi": 101.02859642783002}}, "mid": {"Sigarda, Champion of Light": {"ELO": 118.76492129004735, "ELO Tournoi": 105.0076985979825}, "Wrenn and Seven": {"ELO": 92.21880647142522, "ELO Tournoi": 104.8127296885996}, "Liesa, Forgotten Archangel": {"ELO": 105.08622237163927, "ELO Tournoi": 105.12793021400918}, "Tovolar, Dire Overlord": {"ELO": 108.24682171140698, "ELO Tournoi": 104.30260185342168}, "Florian, Voldaren Scion": {"ELO": 95.15647113013236, "ELO Tournoi": 95.17120157896403}, "Vadrik, Astral Archmage": {"ELO": 105.36321410301824, "ELO Tournoi": 100}, "Rem Karolus, Stalwart Slayer": {"ELO": 100.24644592198116, "ELO Tournoi": 105.03839305300315}, "Dennick, Pious Apprentice": {"ELO": 113.74908287519406, "ELO Tournoi": 104.59207425907724}}, "khm": {"Vorinclex": {"ELO": 75.91668845600259, "ELO Tournoi": 75.91668845600259}, "Esika, God of the Tree // The Prismatic Bridge": {"ELO": 99.16356664460524, "ELO Tournoi": 100}}, "stx": {"Dina, Soul Steeper": {"ELO": 83.71985580566268, "ELO Tournoi": 89.95767781313644}}, "mkm": {"Niv-Mizzet, Guildpact": {"ELO": 104.4217518388524, "ELO Tournoi": 99.54580051143324}, "Alquist Proft, Master Sleuth": {"ELO": 95.18752253018476, "ELO Tournoi": 100}, "Voja, Jaws of the Conclave": {"ELO": 90.03524512191333, "ELO Tournoi": 90.51541863799835}}, "grn": {"Aurelia, Exemplar of Justice": {"ELO": 113.61960098307334, "ELO Tournoi": 105.37175741650407}, "Etrata, the Silencer": {"ELO": 103.92181318581184, "ELO Tournoi": 109.93294054507078}}, "dtk": {"Sarkhan Unbroken": {"ELO": 103.64713969955243, "ELO Tournoi": 95.06789639260325}}, "som": {"Skithiryx, the Blight Dragon": {"ELO": 111.02595852165008, "ELO Tournoi": 111.06416414204159}}, "otj": {"Marchesa, Dealer of Death": {"ELO": 85.87492772745186, "ELO Tournoi": 86.43888348131495}, "Wylie Duke, Atiin Hero": {"ELO": 85.40766395572268, "ELO Tournoi": 104.83953820024776}, "Vial Smasher, Gleeful Grenadier": {"ELO": 98.93231310100579, "ELO Tournoi": 94.64615739317883}, "Miriam, Herd Whisperer": {"ELO": 100.22521564924926, "ELO Tournoi": 100.22514939289724}, "Oko, the Ringleader": {"ELO": 94.95610571293712, "ELO Tournoi": 94.99555778403538}, "Kellan, the Kid": {"ELO": 94.87597323569602, "ELO Tournoi": 100}}, "xln": {"Admiral Beckett Brass": {"ELO": 93.27025883438348, "ELO Tournoi": 99.90976741114858}, "Vraska, Relic Seeker": {"ELO": 95.26940128988694, "ELO Tournoi": 100}}, "acr": {"Ezio Auditore Da Firenze": {"ELO": 100.2953211599391, "ELO Tournoi": 100}}, "snc": {"Falco Spara, Pactweaver": {"ELO": 90.39282610437783, "ELO Tournoi": 90.30099166991057}, "Ziatora, the Incinerator": {"ELO": 104.95212499662823, "ELO Tournoi": 105.105149453432}, "Lagrella, the Magpie": {"ELO": 83.76919877601615, "ELO Tournoi": 75.6448909687031}, "Cormela, Glamour Thief": {"ELO": 94.74029406527052, "ELO Tournoi": 100}, "Raffine, Scheming Seer": {"ELO": 114.74639192173758, "ELO Tournoi": 114.53028733378603}}, "avr": {"Sigarda, Host of Herons": {"ELO": 103.9964630564112, "ELO Tournoi": 104.11549760920582}}, "blb": {"Glarb, Calamity's Augur": {"ELO": 115.25386114661968, "ELO Tournoi": 115.25832712418892}, "Camellia, the Seedmiser": {"ELO": 94.04727058847877, "ELO Tournoi": 94.8401894458812}, "Finneas, Ace Archer": {"ELO": 127.3958959446787, "ELO Tournoi": 128.78814016272122}, "Ral, Crackling Wit": {"ELO": 109.97010394477066, "ELO Tournoi": 94.48045396513079}, "Zoraline, Cosmos Caller": {"ELO": 81.3698632399022, "ELO Tournoi": 104.701554164512}, "Baylen, the Haymaker": {"ELO": 95.26934027975446, "ELO Tournoi": 95.23199622919009}, "Mabel, Heir to Cragflame": {"ELO": 124.31755478776472, "ELO Tournoi": 100.82989806437152}, "Byrke, Long Ear of the Law": {"ELO": 90.08356184824765, "ELO Tournoi": 90.17295610360902}, "Gev, Scaled Scorch": {"ELO": 95.58567149923284, "ELO Tournoi": 95.50695572968897}, "Helga, Skittish Seer": {"ELO": 93.3623793674698, "ELO Tournoi": 99.28791772615543}}, "lrw": {"Wydwen, the Biting Gale": {"ELO": 91.56920975779776, "ELO Tournoi": 96.15168594463333},