{"Dylan Bellier": {"ELO": 46.6419426092152, "ELO Tournoi": 106.29194672438494}, "Gaëlle Richet": {"ELO": 216.4841827388904, "ELO Tournoi": 128.02603045783553}, "Lucie Haslé": {"ELO": 56.70335644625051, "ELO Tournoi": 65.91042751789638}, "Charlotte Beauchamp": {"ELO": -50.216471111843674, "ELO Tournoi": 21.706452030420508}, "Malo": {"ELO": 80.18706321476712, "ELO Tournoi": 80.18706321476712}, "Nicolas Guédier": {"ELO": 163.14457214472623, "ELO Tournoi": 75.8613050978361}, "Oscar": {"ELO": 80.18706321476712, "ELO Tournoi": 80.18706321476712}, "Léon Le Loir": {"ELO": 144.4659855662803, "ELO Tournoi": 162.92407771885635}, "Matieu": {"ELO": 70.37519142710497, "ELO Tournoi": 70.37519142710497}, "Baptiste Leguern": {"ELO": 87.82328140491205, "ELO Tournoi": 78.46545054717299}, "Chloé Besnet": {"ELO": 90.20699038755355, "ELO Tournoi": 90.20699038755355}, "Maxime Lefèvre": {"ELO": 136.9775792649158, "ELO Tournoi": 137.21564837050502}, "Vincent Combier": {"ELO": 112.91104892620497, "ELO Tournoi": 111.1157772256187}, "Titouan": {"ELO": 100.59064231987821, "ELO Tournoi": 100}, "Clément": {"ELO": 60.952775905250974, "ELO Tournoi": 60.947895547039195}, "Louis": {"ELO": 110.82211874835954, "ELO Tournoi": 110.12937518629}, "Jean Jouve": {"ELO": 83.34533094081462, "ELO Tournoi": 100.12861277730262}, "Nicolas H": {"ELO": 110.30717326498052, "ELO Tournoi": 110.31600849476092}, "Bruno": {"ELO": 71.05369122606976, "ELO Tournoi": 71.06191879910597}, "Nicolas Amblard": {"ELO": 167.44351844963123, "ELO Tournoi": 138.53411347308386}, "Armand": {"ELO": 90.90842285726382, "ELO Tournoi": 90.98923042223956}, "Thémys": {"ELO": 120.20148398889047, "ELO Tournoi": 120.11933458372978}, "Jean Jouve-Guillaume": {"ELO": 79.67990007790945, "ELO Tournoi": 79.66350989247269}, "Pierre": {"ELO": 90.31294226026475, "ELO Tournoi": 90.34240315792806}, "Paul Costentin": {"ELO": 103.09245502306122, "ELO Tournoi": 110.06446976416926}, "Anthony": {"ELO": 118.30798611745189, "ELO Tournoi": 120.15421130920998}, "Paul Laubie": {"ELO": 65.71036658062826, "ELO Tournoi": 100}, "Léo Gougeon": {"ELO": 112.49257718118497, "ELO Tournoi": 101.97449782150879}, "Florentin Royer": {"ELO": 89.70374269556561, "ELO Tournoi": 100}, "Théo B": {"ELO": 121.54328052173355, "ELO Tournoi": 121.24145309016069}, "Alexandre L": {"ELO": 119.59665557028197, "ELO Tournoi": 120.36146056045325}, "Milan A": {"ELO": 137.93085201392643, "ELO Tournoi": 135.23713350160276}, "Adrien": {"ELO": 89.95461751446466, "ELO Tournoi": 100}, "Vincent Costentin": {"ELO": 120.15768050864354, "ELO Tournoi": 110.26094768422334}}