{"Dylan": {"ELO": 126.2265250043289, "ELO Tournoi": 137.26698258946965}, "Ga\u00c3\u00ablle": {"ELO": 128.48917558934528, "ELO Tournoi": 89.06493018568473}, "Lucie": {"ELO": 56.70335644625051, "ELO Tournoi": 65.91042751789638}, "Charlotte": {"ELO": -61.17770836301755, "ELO Tournoi": 29.354243350979658}, "Malo": {"ELO": 80.18706321476712, "ELO Tournoi": 80.18706321476712}, "Nicolas G": {"ELO": 190.10373862075167, "ELO Tournoi": 84.49363298073506}, "Oscar": {"ELO": 80.18706321476712, "ELO Tournoi": 80.18706321476712}, "L\u00c3\u00a9on": {"ELO": 157.83974079309903, "ELO Tournoi": 162.92407771885635}, "Matieu": {"ELO": 70.37519142710497, "ELO Tournoi": 70.37519142710497}, "Baptiste": {"ELO": 87.82328140491205, "ELO Tournoi": 78.46545054717299}, "Chlo\u00c3\u00a9": {"ELO": 90.20699038755355, "ELO Tournoi": 90.20699038755355}, "Maxime": {"ELO": 136.9775792649158, "ELO Tournoi": 137.21564837050502}, "Vincent": {"ELO": 99.97294633286984, "ELO Tournoi": 99.97294633286984}, "Titouan": {"ELO": 100.59064231987821, "ELO Tournoi": 100}, "Cl\u00c3\u00a9ment": {"ELO": 60.952775905250974, "ELO Tournoi": 60.947895547039195}, "Louis": {"ELO": 110.82211874835954, "ELO Tournoi": 110.12937518629}, "Jean": {"ELO": 83.34533094081462, "ELO Tournoi": 100.12861277730262}, "Nicolas H": {"ELO": 110.30717326498052, "ELO Tournoi": 110.31600849476092}, "Bruno": {"ELO": 71.05369122606976, "ELO Tournoi": 71.06191879910597}, "Nicolas A": {"ELO": 157.17840170408735, "ELO Tournoi": 128.4102548521302}, "Armand": {"ELO": 90.90842285726382, "ELO Tournoi": 90.98923042223956}, "Th\u00c3\u00a9mys": {"ELO": 120.20148398889047, "ELO Tournoi": 120.11933458372978}, "Jean-Guillaume": {"ELO": 79.67990007790945, "ELO Tournoi": 79.66350989247269}, "Pierre": {"ELO": 90.31294226026475, "ELO Tournoi": 90.34240315792806}, "Paul Carta": {"ELO": 103.09245502306122, "ELO Tournoi": 110.06446976416926}, "Anthony": {"ELO": 118.30798611745189, "ELO Tournoi": 120.15421130920998}, "Paul L": {"ELO": 65.71036658062826, "ELO Tournoi": 100}, "L\u00c3\u00a9o Gougeon": {"ELO": 112.49257718118497, "ELO Tournoi": 101.97449782150879}, "Florentin Royer": {"ELO": 89.70374269556561, "ELO Tournoi": 100}, "Th\u00c3\u00a9o B": {"ELO": 121.54328052173355, "ELO Tournoi": 121.24145309016069}, "Alexandre L": {"ELO": 119.59665557028197, "ELO Tournoi": 120.36146056045325}, "Milan A": {"ELO": 139.51555344893168, "ELO Tournoi": 137.63657472448364}, "Adrien": {"ELO": 89.95461751446466, "ELO Tournoi": 100}, "Ga\u00eblle": {"ELO": 120.81493871527834, "ELO Tournoi": 120.83414117865296}}