{"Dylan": {"ELO": 146.24558935643174, "ELO Tournoi": 128.35191915036594}, "Ga\u00eblle": {"ELO": 118.53416099844536, "ELO Tournoi": 89.06493018568473}, "Lucie": {"ELO": 56.70335644625051, "ELO Tournoi": 65.91042751789638}, "Charlotte": {"ELO": -43.970691445415454, "ELO Tournoi": 47.57235648902362}, "Malo": {"ELO": 80.18706321476712, "ELO Tournoi": 80.18706321476712}, "Nicolas G": {"ELO": 181.10913410993905, "ELO Tournoi": 103.46103291515281}, "Oscar": {"ELO": 80.18706321476712, "ELO Tournoi": 80.18706321476712}, "L\u00e9on": {"ELO": 157.83974079309903, "ELO Tournoi": 162.92407771885635}, "Matieu": {"ELO": 70.37519142710497, "ELO Tournoi": 70.37519142710497}, "Baptiste": {"ELO": 87.82328140491205, "ELO Tournoi": 78.46545054717299}, "Chlo\u00e9": {"ELO": 90.20699038755355, "ELO Tournoi": 90.20699038755355}, "Maxime": {"ELO": 136.9775792649158, "ELO Tournoi": 137.21564837050502}, "Vincent": {"ELO": 99.97294633286984, "ELO Tournoi": 99.97294633286984}, "Titouan": {"ELO": 100.59064231987821, "ELO Tournoi": 100}, "Cl\u00e9ment": {"ELO": 60.952775905250974, "ELO Tournoi": 60.947895547039195}, "Louis": {"ELO": 110.82211874835954, "ELO Tournoi": 110.12937518629}, "Jean ": {"ELO": 93.2108406766812, "ELO Tournoi": 100.12861277730262}, "Nicolas H": {"ELO": 110.30717326498052, "ELO Tournoi": 110.31600849476092}, "Bruno": {"ELO": 71.05369122606976, "ELO Tournoi": 71.06191879910597}, "Nicolas A": {"ELO": 149.85136851550675, "ELO Tournoi": 120.97394639742514}, "Armand": {"ELO": 90.90842285726382, "ELO Tournoi": 90.98923042223956}, "Th\u00e9mys": {"ELO": 120.20148398889047, "ELO Tournoi": 120.11933458372978}, "Jean-Guillaume": {"ELO": 79.67990007790945, "ELO Tournoi": 79.66350989247269}, "Pierre": {"ELO": 90.31294226026475, "ELO Tournoi": 90.34240315792806}, "Paul Carta": {"ELO": 103.09245502306122, "ELO Tournoi": 110.06446976416926}, "Anthony": {"ELO": 118.30798611745189, "ELO Tournoi": 120.15421130920998}, "Paul L": {"ELO": 65.71036658062826, "ELO Tournoi": 100}, "L\u00e9o Gougeon": {"ELO": 112.49257718118497, "ELO Tournoi": 101.97449782150879}, "Florentin Royer": {"ELO": 89.70374269556561, "ELO Tournoi": 100}, "Th\u00e9o B": {"ELO": 121.54328052173355, "ELO Tournoi": 121.24145309016069}, "Alexandre L": {"ELO": 119.59665557028197, "ELO Tournoi": 120.36146056045325}, "Milan A": {"ELO": 139.51555344893168, "ELO Tournoi": 137.63657472448364}, "Adrien": {"ELO": 89.95461751446466, "ELO Tournoi": 100}}